-- phpMyAdmin SQL Dump
-- version 5.0.2
-- https://www.phpmyadmin.net/
--
-- Servidor: 127.0.0.1
-- Tiempo de generación: 01-09-2025 a las 20:54:25
-- Versión del servidor: 10.4.14-MariaDB
-- Versión de PHP: 7.4.10

SET SQL_MODE = "NO_AUTO_VALUE_ON_ZERO";
START TRANSACTION;
SET time_zone = "+00:00";


/*!40101 SET @OLD_CHARACTER_SET_CLIENT=@@CHARACTER_SET_CLIENT */;
/*!40101 SET @OLD_CHARACTER_SET_RESULTS=@@CHARACTER_SET_RESULTS */;
/*!40101 SET @OLD_COLLATION_CONNECTION=@@COLLATION_CONNECTION */;
/*!40101 SET NAMES utf8mb4 */;

--
-- Base de datos: `inmobiliaria`
--

-- --------------------------------------------------------

--
-- Estructura de tabla para la tabla `contrato`
--

CREATE TABLE `contrato` (
  `id` int(11) NOT NULL,
  `id_inquilino` int(11) NOT NULL,
  `id_inmueble` int(11) NOT NULL,
  `fecha_inicio` date NOT NULL,
  `fecha_fin` date NOT NULL,
  `estado` enum('Vigente','Finalizado','Rescindido') NOT NULL,
  `fecha_terminacion` date DEFAULT NULL,
  `monto_mensual` decimal(12,2) NOT NULL,
  `id_usuario_creador` int(11) NOT NULL,
  `id_usuario_finalizador` int(11) DEFAULT NULL,
  `multa` decimal(10,0) DEFAULT NULL
) ENGINE=InnoDB DEFAULT CHARSET=utf8mb4;

--
-- Volcado de datos para la tabla `contrato`
--

INSERT INTO `contrato` (`id`, `id_inquilino`, `id_inmueble`, `fecha_inicio`, `fecha_fin`, `estado`, `fecha_terminacion`, `monto_mensual`, `id_usuario_creador`, `id_usuario_finalizador`, `multa`) VALUES
(1, 1, 3, '2025-09-01', '2025-10-01', 'Vigente', NULL, '1000000.00', 13, NULL, NULL);

-- --------------------------------------------------------

--
-- Estructura de tabla para la tabla `foto_inmueble`
--

CREATE TABLE `foto_inmueble` (
  `id_foto` int(11) NOT NULL,
  `id_inmueble` int(11) NOT NULL,
  `url` varchar(1000) DEFAULT NULL,
  `archivo` longblob DEFAULT NULL
) ENGINE=InnoDB DEFAULT CHARSET=utf8mb4;

--
-- Volcado de datos para la tabla `foto_inmueble`
--

INSERT INTO `foto_inmueble` (`id_foto`, `id_inmueble`, `url`, `archivo`) VALUES
(1, 3, 'https://images.adsttc.com/media/images/5d34/e507/284d/d109/5600/0240/newsletter/_FI.jpg?1563747560', NULL),
(2, 3, 'https://images.adsttc.com/media/images/5d34/e738/284d/d109/5600/0248/medium_jpg/Casa_H_PATIO_FRONTAL_2.jpg?1563748097', NULL),
(3, 3, NULL, 0xffd8ffe000104a46494600010100000100010000ffdb0084000a0708151615181615161819181a18181c18191a1818191a1a191c1a1c191a1e1c1a1c212e251c1e2b211a1a2638262b2f313535351c243b403b333f2e343534010c0c0c100f101f12121e342b21213431343434343434343434343434343434343434343434343434343434343434343434343434343434343434343434343434ffc000110800b7011303012200021101031101ffc4001b00000105010100000000000000000000000400010203050607ffc40050100001020403040508040b04090501000001021100031221043141051351610622718191324252a1b1c1d1f0141592d20716235354627282a2b2e12433c2c325437374758393a3b3636484e2f134ffc400190101010101010100000000000000000000000102030405ffc400221100030002010501010101000000000000000111021221031331415161913222ffda000c03010002110311003f00d012a242541a2543eea3e8ec792018950e25c19ba8712a1b0807bb87ddc19ba87dd44d8ba816ee16ee0edd42dd44a5d407770fbb83b750fba89b1600eea1f77076ea16ea26c200eee1f77076ea1f751361007750fba83b750e2543610044a8712a0e12a24254361000498712a0f12a1c4a8510044a8712a0edd438950a2010950e2541a2544b750a58022543895076ea1c4a8510044a87dd41dba87ddc4d8401dd43eea0eddc2ddc36100b750fba833770fbb86c2016ea1f7514edec5ae44bad082b3ab02424712da4032fa4f242015ba56075904117f8647be33ba2ea6aeea147252f6a6d058ad1bb4a54e4052ca080f674b8feb9c289dc1a9d56ea1c4a837750e2546b62402dd43eea0dddc3eee26c5805ba85ba837770fbb894b00b750b75076ea1f750a200eea1f75076ea1f750d8401dd43895068950fba89b0805ba89095066ee1c4b86c58062542dd41bbb8712e1b0805ba87dd41bbb87ddc36100c4a8712e0cdd43d10d8403dd43eea0cddc2ddc3610104b8425c17bb85bb86c202eea1f77056ee16ee252c05a21f77056ee16ee14405ddc3eee09ddc3d10d8405ddc4569604f004dcb0ef3a083288654b0d7ca14439a4ede42a5ad650a41965c12090a008f24b0241b0b8f616e5f6b4fc3cd9752014199365d7504858094dd8e549201d18bbe61fa7c3ed4c1ad664a92a4d74b541442829d6e5b2487b13c74178e3f6f4bdecc32f0f2d6112ccca1249725ab52d9ec3aa3c06b1cf274a8dec1e06484242a64a51019d53d092c2c0331600300f7601c0360a2383e8f4b32d26625616522a65d9db30fc73ef85182f2769bb87ddc17bb85bb8ebb12026ee1f75056ee1f770a202eee1f7705510a8894405ddc3eee0aa21e8851017770b7705d10a8851017770fbb82b770a9894406dd43eee09a21e885101b770fbb822885442880fbb85bb822885442880fbb87ddc5f443d30a203eee16ee08a61e9852c07a615317d30f4c2880f443d317d30a98510a29854c5f4c3d30a214510a88be98c9dadb41725683bb2b96410a20394a9c377176ed83c84099f3421baaa512ec121cd99ee580cf5302e2e7d7256a435d2a092a05ace9502388636e5db02a3a4a85856e92a5119b8486b124dc80c199c919ea581c1c4ed13bac4a91394b74259094909415dd80609702e48cea7d233b048e7f6a6cfad0832eeb2a2855ff00bc359a4a752059f993e8c634d42eb485d41d02acf2a4857bed1e838142b0e94a9694cd5912ca25a4252b4245402aacd491536b73e228d81bd9e9a52a452ca5a1600202dc2920a6c52dc38b6710d4473388c2cc96a32d414a2834bdee0587a9a147a363fa4584953152e611524b2adab3f08512a330dea21511c6cbe902e5a685a892149eb9eb2839722f9bb16ec8d0c6f49d3bb56ec1ad83122c0ea5af66f9b445d5c5aa0e8e987a638ffc669e101d08af2ed2ee19d865a738eab03880b4055816eb0e0726234ca2acd65e0a5d4c3d113851b042887a6270a20214c2a6270163368cb9440596241364a95616d05a0205d30a98cd4ede907259fb133eec48edb93e92bec4cfbb0a58cd0a61da3346dc91e92bec4cfbb0c76ec8f4cfd85fdd85119a74c2a63386db91e91fb2bf842faea47a67ecafe10119a2d09a337ebc91e99fb0bfbb095b7640cd67ec2fe10119a4d09a3353b76412d5b76a543da209938d96a2c95249e00e7a38e239c288d04b43b43050e31589a9360a0fda34ce042d684d0a1400a14285002850a14015cd584824e438073dc35319388c6bcb52a62152ee90906ea24974d34e4ab02d71eb8da8e2f6cc99b2a7ef10833192b98b25d9c3eed37c8258657cf288ca86c0a30eb932d330eeebac93521295281bbddd9d88119bb5701364a8a247f73baeb1480cbaacec01aad4a469d99c11b2363cd9cb4ad56432949162054a6500e3b7c23af9f874a25a1090c90a96901cd80582cf9b5a333645f079dec599317880b2485cb0413526aa5820b05109d4339f1363b5b67153a612996829594c83d7202c80a5292004f9ee52a200b078ea266c4c3a99e524b000122e00c98e60f3ce1f092c267cd6007565ff008e32b07ed90e6ff1312aeb4d0a5acf94a334824f16dd1f69851dac28de888788e0316561729402828062544214ef777ea97c9b872829129628eba890aa4dac4925eed9061dcf9c659c126421ca8a812a091d75252de49cc019a6fc546d6114e176c80ec6c14ce41a4dc817b0f45576f5c71d6f3898a7578724a534f5429042480484900b1206432cf8182f606d854b514d21d2aa1613c8ba9873e2cfcb28c5918a2194853d25948bd8a98f549cc5ddb958e4f66d097e42e4754aaeac9200d5d2332e72e04be8630aa66a9e9182db489869629240607373a5ad95f3d635a3cab646d25ca980294545c0a8a6cf9d8e6ccc097398d2d1dee136e216b12d996535661999cb5dcd9f4d23be195e1f9287cfc5a10a4a54a00aac97c89e0fa1f818cc99b75295d2a49a4b52a639524ac91faa43103e3056d55132aa4948481529452a51a007340041a8e86390c26d1499e5400ddc894a5243d4e0153875070b629b5d98f27db60ee3e969dd998fd5009e7d9db1c5e2712b98b52960313601f2e1e11b9b1b065483bc4ba5642d26b51241b87e1d9c740f197d29d9e52b969c3a66d452b52932e85380521cef1566ab4f4a2a358b8048570491cfe4c4973080f49bf2f968086cec4fe6f15d9f906fe7871b37137ea62ffec7abaf14bb0609a7d18456780f898193b3f12dfdde28f69c3bff003c38d9b896037789b36b87fbed146c4c2cbf92c3b7fa73871315abc47eaec4d9a562077e1efa7a70e9d9d8977dd623b2ac3b7f3c41b13517e3f3ca23c9ada7c887fabf13f99c41fdfc3fdf888d998966dce235bd721eff00bf01b113314ecc3e16d1e1d1355e50491eaec71943fd5588fcc4f1cc2f0ff7a07c5e1f132c296b4cc08000b992420a8d20a994e5d4d91e2f11956499a08c528a8ad6a5a54c40dda6e1bce57105e09c26296950528a1402d4aa6e9a12ec0b93606dc9c728193b30995bd248010a5125efa304b0a5ce9ee8b707884a30e66a8d4032523cd510582fac39b8cf8471f61b47692660524286443c34c9c94b54a0972c1c80e59d83e7611c96c6daaa9694a662d4a366425055d524f59567019b5d728d1db1b544bea2d2e55e4164904b8b3124e5af30d78e8b250c40c97b66599aa96481484313672ad1b46b78c6a831c1e136aa0a964a13bc5ad265b970d5096087f2559b12df1eda40348a8b9e2cc4f071c5b3827432e850a14688288a806be5ac4a28c5a990b3faaaf618021b3a584cb4816b3b70a89537ae1b1b9cb1c660f52547dd04a030039465ed5c650a97d5529944f5732a29524063fb59c65b4956535a339331a6cd2c4f5655873ab8da2d938d0a514805c07391003b7942cf636e5198a9d5cc9c02a9eaa425ecec161f37cfd911e4bd086da2606bd8f07168518b2b76c2b9654ad55422fc3300e4d0d17610f2651299814c9a182501940b061714b55d67e60eaf119d85424032c8080a15804900abac094f9a1ce63b6cc5aa46190b5a4853014900a4b2995653dacc0fbcb4592b14b960a2605382a28ba8d54ac1f35d9f43d8f1cefc398b0e7778752d29a885a9c12104025d4a29f388a40e3736d209d9788ae52d285a9c9a935153a73b0203106f90d49d205d96b410b082428a892429f353d374e598efb7253a7841522b49252e814d2526cfd6391a5ed958447cd5ecd072b14494a0b137bb8095d9ca4172e3918eefa3f210b9289a522beba6a662c1652dea8f3dc3cc44d4240092afdd77c811664a9bb23abc0a105002e6cf9560114cc5075117b7939b925b8c4c7258e5c854ea1525c9249726fccfc8874e1d31e59d25c7e270ea46ef13316998926e54962f71e55fb6338edcc78082a9d359695d26b5f5a92a4b8be841f08f52755243d9132844b7423c624f483164a07d26607a82cd6a371959e340ed4c5b5b1533b6a27df06e790953d57700d8e51614c7911da38dfd2a6789fbd0cada18dcfe9733f8befc67646b567b05f89f1877568b578c78d2b68e33f4c5f8afefc21b4b19fa5aff008fefc5d90d59ecc262fd23e308cc5fa47c63c706d2c6fe96bfe3fbf12facb1dfa52fc15f7e26c86acf604a95aa8f89884a9694a4253648c80b00e5fdb1e3a36d639ef895b05841ba8382d777b67123b6b197fed132d3423cb57925bd778bb1353d88a4431969e11e42bdb18bbd388983f2a101d64f5587bde25236a6354540e29696594b92b22c1dcb1786c5d59ebb40cb4881949e023c97eb4c77e94bfe2fbd0e9daf8ffd255fc5f7a26c8ba33d653292320218c94bbb024ea6fc4ebda7c63ca86d6c7fe927f8bef4588db18e76fa4f7d2a61e061b21ab3d48205ac2d975536ecb45bbd5fa463ca0ed9c7fe923ec9f8c493b6f1dae213f64fc61b21ab3d5778bf4cc437b31fca2cdcb38f30faf31dfa427ecc38dbb8ff00d213f661b21ab3d437cbf48fabe108ad57eb12f982c464d947977e3063ff003e9fb30c76fe3ff3e9fb3fd226c868cf5413d7e99f01f08c3e914cc42c50807aaca4ac5bac6c9eb066be97d328e1474931ff009f47d81f087fc69c78ff005c8fb09fbb19ca64a52eace87606dfdca405540b2953094060480cca00aa9b39b1e4203c37489695805342caee192841c8aab4a854c416b000393adf227e3e6cc256a58eb31526a53aca6c3c9008bdc0cacec206c56d13521686ad202540a52010cc5d41ca9c5bac0db33668f3ae7fe79e0919d8cbe922d229742d9fac115037d0a65b16cadc2147372fa41b458529453a3484b37264428e9dbcbe8e4e6256d04a1210b42927cd703300310c002f70edaf8993b195cb504a5cba4646c9203e42e0e4dd8398c6c2621295d0b07ac92f512a4976000d73f6468fd63861653e9665b5b2b474d2f26123412a4a5401b299c52f6b580d2ef902d649b59e1879a028ad62a214c4d5538728c8580a6ec5840abda9855104976cbaabb765a2c97b4b0ce485904e7fde5ecd71943b6fe951bdb03a3c0a2a205059da91c0a47940b5f4bfb23a43b389041586f3487b0d6c7b32bfaa39193d2709404a669090edd47cc926e52e738286de99e99ef424fb5313b49bafc9be0cfe9ae144b549482fd52e6f9df893eab413b217ff00f1bb3518c0d6c9e713a18c7e93e296b282b24f94ce026c4700044f018958fa3369f4803aa0d8ef1f317ce3b24a431793570b8293313804997499831016a428a54b28a8a4970c0823be27b5ba3b3a5c99b310a42932c025ed3002a60ed63d919382c62d030aa1e619f4ba410c4ac2b42f68eb317b456bc2e2904128dd54554293d6ad02976035559b48345e21c5c9c52c0fcad28b90ee6e4682d9c5cac4a3d207be37ba4f2259c0164a6b4cc592a60ec668d7be38ce90e0528dd30f292a27d51c71ff00afeb3a37a85e2b128141a49eb3382edd53a0cf310be9e8528d2852468092c3ed178e71290384456237aa33bb3a94e379ff00108471e38fb2396401c212db843443766ee231363492fd65839649b1b6af1392b4a9994bf34dd472367fdab1bf640091647fb23ef89e1812c03bd00373731b68ca66c1427452875c06a89b5af7f3b9c4a561428a856a0ca579ece00772f99f6da2b1b1b123394bb2c493d647f7c5991e5795717caf9c558ad9d39092a5a1694a57bb517490998d5505959b5ece39c632c5c378e4a91da88284052262dcac062b3910a3ee10ff0056cfa6adeadbb7ff00b403305d2e7ced7e11ba8c5252a67b10dc8fc0c73c9bc5704c9f20d86d8b8999642d6a5005443b3246ae577f08afeacc48ce6ab8e6f6fb51aa9c5dc14387414802cee4820f1cda37f616c795325cd5cd43d092cca50b804972923e44459b17d9e7f8fdf4aa5e628d40917e05a1f672a6cc584256a720f0d01273ec8d6e96e025204adda0a5d24a9d4a53f5800cea2d6ecce1744b0f2ce2a5a561d24aaab916a55a8bc75b71a66f239d8f89d16af53f7452bd9d8926f30927bc9ef7bc7a7e2b0db3509529680121afbc597b81e9f645d89e8f60420ad12edbb529242e61ca963e5738e6b273986d7278fe270f39092a335d9ad97282b01819931095d6bb8d1491a91c39417d244cbddaca12121d01980f38708d4e884c96b94842594b42495a5ae0159678e7d4ea358d5f4ebd3c53ca3f861a704b0fd75839021490dc7cdb86b431c02ff38bfe1f846baa5f58f698217260f3869634e77038651c409656a5028aaede936823d0b66e06523c94006d7bbf8bbc729b3e5b63c0ff00db93fc71da61d578f4f4f954f3753cc09a87eb7da57c61a2bae1475399e2425cc13821692142604a835924298dd36b17c8df9c4315b3e726a5142e904b920daecfd99371e71d86d09085cd2ab389d34904072f30a87612cddcd7731621492e9517a14f9bf36d464a6fff002383ca388b0e63647475734294b4a929a4d25c24bbb390524b0e0c1c6a35d9c1f44549624a49a43dd245609f27f54db3bdcdad6d618f034c88cc97ef66e5a6bce2dfacb208295682c5868f7bbd9fe31c9e593669408d8bb2654a4ad2ba140d8b84e9316736d451e1ca3b3fc5b93e808f399b892a4aab492951524392c5db316e272c9b48efb65edf98b5a90a97749eb6a402cc58682f1d71c978646cf3dfc2360932a7202430283ea52c7c231d1820a461dd613bc5e20b904b502c081c486fde8e97f0b63f2d27f615fcca8c1ea99584043f5b14e1c8bbb8b8ee8ebe1190ad85b369561e615254272318a0919a3772e727adda438ec8f4ce93e1928d9f382430a13fcc98f30e8acc066c84f04631ee4bbc99c72361a651ea7d2d20ece9a7ff004d243f6a60ca8f3cdbb3bf213d1c093ff711f3df18bd2d21a47ec2bfc3f18d2db66d8a4feaff00992e32ba60a1fd9dbd05bf8a238e0a7f59d7377f88e74988bc1788c094cb42cabcb72914a80201634a9a953121db2bbe501bc754e9cc77863081862600d249eaa3f63e3166056cb40e41fb88f8c0e93d44f24fb8c4e4ad9999d8313a337ab28507abcecd7ff18943d52a323a523f2188ff00891ffc1181f8c389214a6432b1489c4d0b6df0a183d7e47547573cef156336ccd9a95a17452a9fbe55285035d1475495964b68c4f389964a171c5d465cfb37ed0f7c12ac45f21e168131272b1f2869db1090b2a514b6679e64b473951acbcb0f4e256c960425cb3bb139163af08f49e881690a5339750ba5f30464e3c23812a5ad09974979753005cb380a71ab72ca37918ac6a1091864a68eb555043d56f4883ac162aa2f5707828fdc07fc234c35caa99e8d0523cb1a3968cde892ff00b6cbfdff00fc6a8a7a613671328cf6a8a34a5bcabf924f28aba26b51c6229b965b659eed675ec8ea91c7d1d674970ab5a128969ea124a80377b367a5b4e51bbd1dc54efa229139005085a11c68b313c4da31710ac6359096ed465e319f2f198f1d5a11456e5a87292454737ca39678a48d61933336e0fc94cb6a8fe7020dfc1f532c99aa0b21680964a16b24a566e294b3699bb88cfdbd56ed6ef920b68fbc1e307f4711fd9a5dd41c2ac14a03cb5680c7158dc23f6cf4d99d5f0d05a7ac5b89f6c1825e5d8229968ca3444b8c64b93a62cc29096da03fdd7fcc8e9d0abc73d2d3fe91ff00e2ff00991bc45e3d9d3ff28f2f53fd3275c34515428e872393d8d8598bc4a14a4032d4b3512541349248750f243eb1d7a3a3d855ae752ba4a4a427ae929aa84a89d1c5d8f64446cac3b304a07601ee880c261c3f513cd927e31e4ef63ed06cce938091495950a2b5256b26c82dd52a0e094b90e5baad9c0981d9895a2bea2524a825d641592a212798f274b88dafa261f4427b0248ef37882b0b87d6520f6b7c233dfc7e13639eda92552ca42825695ad21294aeb0fe89502543d5da63add84a12d552d46a5a5c24add99c5d8e6de0e6005c8925990001c091ecf7c57325c9cca136e47e305d7c53e10d8cdfc2acc0a561ca4bf56679c4ea986d865255b32e3c9da0087e3bdcc69a462f4c8241974802cbcbba2dd95256a3820124d5f4ba7cd0a6ac9626d68f4639d552f25bc1b7d18a08d90953107eb14a83e87781b93c761d3296a460b10cb052500328871d6164b720fdc63cf3a3f802b3b3812c95ab18c43b8a0addf2e1c7e11e858fe8ecb5495cb52966a19d41c1e203378bc69e4ef82a3cfb6be20a266215aa128566c5d33252b3d3b625d320a49b914842dd01296330314900860ce4abf65ad1b58ce8e4952d4b5952c9502412e34b33728863f671212190a22bf2ece160855d8e60abc639c74ec70727173549082eb12d24cb40423ab52d254c29d6a27b63a5d95228de29210e16e41454a52421d816b242b47cf99102cbe8e2ea356ed94ef6a939fa2468d1ba766a0002b06cba86e5372b0b075fd73f26319b3582be4e07a4338aa7ad4400e4d8580014a48b6960232898eef13b1c1595b851ff006296b80eeeee6dae502af64139a13ff4d23d82378e7c484cba7cda73b295d4eef71862b61c989238b0e307cfd9c695d02e2684333075243765d43c60b1b191d6054a2d8844af2734ae873dbd721b946b6463563a7154a0951ca7a16400340976b8e1972d20ac24cacac852d352c90c842b3093779818f2bf6c4711b1c10b0146918a4490e924f5822ef57eb64da670d87d80a2660054776b28f3c5c252af34e7d68c651a378da55b7a624a134d569807592125e95fa2b57083f63ec74cc5ad40014a926e54080c0966d5f8c684cd9d814a1295201218b999301a999ecb1ced016054946202a52699792cd64876b065124e918597111a78f35850d9eb93314b005dc24162d5bb9ef4bf6417815cd24d9c12a2d6cc81a77083d78d96a7ad2f964a01be3dfc34bc0721388ac9181de22f4bad0ca07c95329f4bc74595673cd64fcf273bd3f4b2e483e81d08f3f981ca333a30bfed28bb7526faa52cc6c74b767cf9ca411851229490d520853907cc0c32d603d8db0b1299a161017d558a42d00f5a5a90f7b79cfdd1b5924b931a3f48bb1b5cc40485034a9b353f5b27b5f977c67ce9788a0209b25401216cf5a921353b1604f7398ef5386500aff4523ac53feba5598bd9c5b85a05c7c9594281d989492a41a92b916a14851b149b1086636ba9ddcc65e48ab068f3d5ce2414b0cbac5f3eb259868748ea361acfd1a5b1d15fcea8c99fb22707fc8293979e8e20e99e51afb1767cc1290952e921faac9537589cde3193491d70c5d377037ce3668cbb232b072169f392afdd6ff14682f14ad100fef7f48e2f24df93b2c5a5e0c8923fd267fdd3fcd8dd98239e96b50c719ca414a3e8d4383575b781596793c684dc7a49b3f7823dd1eac3250f2e78bd996a8c34674cc4973d6f9f0851d3646230c54de2d105ceecf1f840ea1f36f67ba124f003d4fe023e39c4b97315a3c52b59d6ddff002226e48cfc4063f3c6234761efb78b41400c56e581d79c1386c5494079890a22ecaafd88627b2f0f40d40e3604fae2084f2f5f764e4474c7258bf054e03ed5da582c41457240a02a908958940eb33d4122f90ce2bc3ed6c2cb326949fc86f28ea628b6f5eb7073cce793c1853dddbadb84232c64072cbdef1e85d7fc37b7e036036c60a59c3d0e3e8fbdddf53145b7ae56fe966738d95f4f65906c0ffca9f0026586b9273b03fd22284806c4246bf222f7c6df8103a5d255a07ff6388f7031099d2e91a83ff47103da9882929cead6e737f188a5086b107e3cc8cef0effe0dc927a55863cbfe5623e10c3a5984cab4ff00d39df08ad6c1c5876393eb1684e34b83c2c3b1e1defc2f70799d2cc268b41ed44d1fe18a17d2dc2f14784c1ee826b464a1716b3986342ad4836b7943d4445ef2f83b865ab6c600bba875a626610173475d34b11d4fd516e5160dafb38bbac875a661eb4df2d34d27c8fd51e105cd908365213de1fda2208c2ca174cb4f7253ed687797c1dc2a3b7700c7f28f54d4ce3fdef968a693e4fea26dca0bc0f49f0882b299a90662eb5389c4955212f64dac91e110fa3ca20ba137cec3e5e1b70802c840ee111f553f45eeb418be99e17f3a839f9b374ed4c0cbe9560d5e52d0dd8b6f0288a69960e42efa7c1e20f2c3b8f50f844df1f85ef645bf8c18006ea963b50a1fe083d3d3dc3a475664b20641a669fbb194108364a41e56b444c96f311f3ed8d2eae3f08faac3719d36c34c6ad481d95fdd88613a638594aa82904f34ccfbb00291a509bfecfbe2a5a7f50f7004082ea2f84ee3f074a3f09320fa1e133e115e23f0898750634782fe11cc94e8deaf7fce508a1ecd7eccfd568d7717c2773f0327f49b0aa3e6f8ac7f862a3d22c335a8f15fdd814a09f37c008a548e5a701f0786ebe1aee30c1d24c38c8a3ed2edfc31727a4f23d3478abe11945232a7d4fee889923d16ee22157c1dc66b0e924b2a252a41d335e5e1115f4911fabfc47dd19690539123b098b138a526e093dacaf6c5d97c2f7184fd7e9fd5f057dd850c369abd047d93f18686d89add7d3792a1c4f1cca7d5ac32a6b9cdfb1cf676c0d58cafdfedbd898922686ba8019d88d3bb28f9f0f397a8805c9f1273cb2108a82ae01395dc803c4e515cb5a45ec7b883f0d72896f1859bbee5f2c9b9c580b2d9549ee7bdb588acf167f13ebce2b2a0d91d1b21dd9fcb44094a75bb9e0f6d6dae70016e19aa07bc1edca20a983561a664365eb8a5aec2d7772fdd789a2526c49adb2170da8b7aa34410539600f68bfb7e6f1257349bf00c5b2e1f2f08a924b3036be6036bddce1d1458ba7b83b35b8e5978c102225822e0b0b7363a97cc44974685ada00e3b620504bb2999dc06ede3784a0a1a837e25cfa99fb6140eb2f93679be712dd58b93d97cb2884a4806e790395c7f48242585d5ebf1d584540a0c839dc0b73e1c45fb5f48b112833df217a7daf63dd1154a72e16fc054e1b8dfba238853b82acb470de3a7af48b6022b5866ace4d95dfb3b8e714100861c2e03fb3837b22e325443b1b0c82833779882102ad4f787f572d22360820162efeacbdaf0eb41272245e094a6a7bdf40c1dadf08804280cd26fa5f3e3e222f20a9686b5f8dcb7be1ccc1a83a8e3df162a62b217b0624a58f81e70d2aab3a7c09f93dc2141489a3402deabf28bd4b4b5ec6cf6543a8b759bc6c4f0368ad73891487b64297e19387cfd912812988bb37ece9dfca2b54b19bf659316a028b58fb3bdb4d348895a8682fa10cfc098529054949b90fad8433a53916b6a1c1ef8701ec4006ec6a2d6bf608a988f398eb559c72f185058b5b86b11ddec302cc960e4e1fe74b08bd2fc8db4773c6df3a43577eb64fc8b69db1680552526cdd9efc842548e2c465f25de0a98f95afcadafce714a835c377161dd1ad803af0e9cf28a8cae03c20c4f6df9c394ea72eed34d62ac8006e95cff008be10a0d99301259872776f54285284ef09c800f9eb7cdfc214c4870e5ac0f176d5b4feb0a14706064a93a117bb94b9bf3f0892a628b9a8b02e74b10f90ee3f2d0a145641c2c119909bdee4f81b44d06f600e6ca6eb6ad99f78ce1a14102d464086d43019f68219df58b062123324d945f5e77b7b21428a0a69410e0abbbdcfde2268962c438b7237367e4c6142880a94862a205b4035b8cdf9fb2119ba0e5eb7ccf6130d0a00b53352c78679787b38434a09c9dcb5acd98710a14102489762f9db868de3fd22fdc848b8fd927ad67f542851a4403041364df225f50efec3162cd21ca897d34f0850a32ca491372ccdec0358eb9c25a9ae326bf325a1428d02b5cc205c1d7830e403c3a2625fac901c3e40db36f9e10a1447e41050650cdb806f513f3efb8dc061617776d5b4bc28511f8024ca6cadc9dc71b64d1012038b92780091aeae3e5a1428c81106fde6e065cefcbfa4247581b0391b58e7ce14281469b24a74b7ee923c604507be96c83700d0a146d10ace6ce72ef619dc767aa119a5cd4e73e07c3bfdf0a1469018525db96800623972115ac1173c2c78f73e9ce1428020567e4c2850a294fffd9),
(4, 1, NULL, 0xffd8ffe000104a46494600010100000100010000ffdb0084000a0708151615181615161819181a18181c18191a1818191a1a191c1a1c191a1e1c1a1c212e251c1e2b211a1a2638262b2f313535351c243b403b333f2e343534010c0c0c100f101f12121e342b21213431343434343434343434343434343434343434343434343434343434343434343434343434343434343434343434343434ffc000110800b7011303012200021101031101ffc4001b00000105010100000000000000000000000400010203050607ffc40050100001020403040508040b04090501000001021100031221043141051351610622718191324252a1b1c1d1f0141592d20716235354627282a2b2e12433c2c325437374758393a3b3636484e2f134ffc400190101010101010100000000000000000000000102030405ffc400221100030002010501010101000000000000000111021221031331415161913222ffda000c03010002110311003f00d012a242541a2543eea3e8ec792018950e25c19ba8712a1b0807bb87ddc19ba87dd44d8ba816ee16ee0edd42dd44a5d407770fbb83b750fba89b1600eea1f77076ea16ea26c200eee1f77076ea1f751361007750fba83b750e2543610044a8712a0e12a24254361000498712a0f12a1c4a8510044a8712a0edd438950a2010950e2541a2544b750a58022543895076ea1c4a8510044a87dd41dba87ddc4d8401dd43eea0eddc2ddc36100b750fba833770fbb86c2016ea1f7514edec5ae44bad082b3ab02424712da4032fa4f242015ba56075904117f8647be33ba2ea6aeea147252f6a6d058ad1bb4a54e4052ca080f674b8feb9c289dc1a9d56ea1c4a837750e2546b62402dd43eea0dddc3eee26c5805ba85ba837770fbb894b00b750b75076ea1f750a200eea1f75076ea1f750d8401dd43895068950fba89b0805ba89095066ee1c4b86c58062542dd41bbb8712e1b0805ba87dd41bbb87ddc36100c4a8712e0cdd43d10d8403dd43eea0cddc2ddc3610104b8425c17bb85bb86c202eea1f77056ee16ee252c05a21f77056ee16ee14405ddc3eee09ddc3d10d8405ddc4569604f004dcb0ef3a083288654b0d7ca14439a4ede42a5ad650a41965c12090a008f24b0241b0b8f616e5f6b4fc3cd9752014199365d7504858094dd8e549201d18bbe61fa7c3ed4c1ad664a92a4d74b541442829d6e5b2487b13c74178e3f6f4bdecc32f0f2d6112ccca1249725ab52d9ec3aa3c06b1cf274a8dec1e06484242a64a51019d53d092c2c0331600300f7601c0360a2383e8f4b32d26625616522a65d9db30fc73ef85182f2769bb87ddc17bb85bb8ebb12026ee1f75056ee1f770a202eee1f7705510a8894405ddc3eee0aa21e8851017770b7705d10a8851017770fbb82b770a9894406dd43eee09a21e885101b770fbb822885442880fbb85bb822885442880fbb87ddc5f443d30a203eee16ee08a61e9852c07a615317d30f4c2880f443d317d30a98510a29854c5f4c3d30a214510a88be98c9dadb41725683bb2b96410a20394a9c377176ed83c84099f3421baaa512ec121cd99ee580cf5302e2e7d7256a435d2a092a05ace9502388636e5db02a3a4a85856e92a5119b8486b124dc80c199c919ea581c1c4ed13bac4a91394b74259094909415dd80609702e48cea7d233b048e7f6a6cfad0832eeb2a2855ff00bc359a4a752059f993e8c634d42eb485d41d02acf2a4857bed1e838142b0e94a9694cd5912ca25a4252b4245402aacd491536b73e228d81bd9e9a52a452ca5a1600202dc2920a6c52dc38b6710d4473388c2cc96a32d414a2834bdee0587a9a147a363fa4584953152e611524b2adab3f08512a330dea21511c6cbe902e5a685a892149eb9eb2839722f9bb16ec8d0c6f49d3bb56ec1ad83122c0ea5af66f9b445d5c5aa0e8e987a638ffc669e101d08af2ed2ee19d865a738eab03880b4055816eb0e0726234ca2acd65e0a5d4c3d113851b042887a6270a20214c2a6270163368cb9440596241364a95616d05a0205d30a98cd4ede907259fb133eec48edb93e92bec4cfbb0a58cd0a61da3346dc91e92bec4cfbb0c76ec8f4cfd85fdd85119a74c2a63386db91e91fb2bf842faea47a67ecafe10119a2d09a337ebc91e99fb0bfbb095b7640cd67ec2fe10119a4d09a3353b76412d5b76a543da209938d96a2c95249e00e7a38e239c288d04b43b43050e31589a9360a0fda34ce042d684d0a1400a14285002850a14015cd584824e438073dc35319388c6bcb52a62152ee90906ea24974d34e4ab02d71eb8da8e2f6cc99b2a7ef10833192b98b25d9c3eed37c8258657cf288ca86c0a30eb932d330eeebac93521295281bbddd9d88119bb5701364a8a247f73baeb1480cbaacec01aad4a469d99c11b2363cd9cb4ad56432949162054a6500e3b7c23af9f874a25a1090c90a96901cd80582cf9b5a333645f079dec599317880b2485cb0413526aa5820b05109d4339f1363b5b67153a612996829594c83d7202c80a5292004f9ee52a200b078ea266c4c3a99e524b000122e00c98e60f3ce1f092c267cd6007565ff008e32b07ed90e6ff1312aeb4d0a5acf94a334824f16dd1f69851dac28de888788e0316561729402828062544214ef777ea97c9b872829129628eba890aa4dac4925eed9061dcf9c659c126421ca8a812a091d75252de49cc019a6fc546d6114e176c80ec6c14ce41a4dc817b0f45576f5c71d6f3898a7578724a534f5429042480484900b1206432cf8182f606d854b514d21d2aa1613c8ba9873e2cfcb28c5918a2194853d25948bd8a98f549cc5ddb958e4f66d097e42e4754aaeac9200d5d2332e72e04be8630aa66a9e9182db489869629240607373a5ad95f3d635a3cab646d25ca980294545c0a8a6cf9d8e6ccc097398d2d1dee136e216b12d996535661999cb5dcd9f4d23be195e1f9287cfc5a10a4a54a00aac97c89e0fa1f818cc99b75295d2a49a4b52a639524ac91faa43103e3056d55132aa4948481529452a51a007340041a8e86390c26d1499e5400ddc894a5243d4e0153875070b629b5d98f27db60ee3e969dd998fd5009e7d9db1c5e2712b98b52960313601f2e1e11b9b1b065483bc4ba5642d26b51241b87e1d9c740f197d29d9e52b969c3a66d452b52932e85380521cef1566ab4f4a2a358b8048570491cfe4c4973080f49bf2f968086cec4fe6f15d9f906fe7871b37137ea62ffec7abaf14bb0609a7d18456780f898193b3f12dfdde28f69c3bff003c38d9b896037789b36b87fbed146c4c2cbf92c3b7fa73871315abc47eaec4d9a562077e1efa7a70e9d9d8977dd623b2ac3b7f3c41b13517e3f3ca23c9ada7c887fabf13f99c41fdfc3fdf888d998966dce235bd721eff00bf01b113314ecc3e16d1e1d1355e50491eaec71943fd5588fcc4f1cc2f0ff7a07c5e1f132c296b4cc08000b992420a8d20a994e5d4d91e2f11956499a08c528a8ad6a5a54c40dda6e1bce57105e09c26296950528a1402d4aa6e9a12ec0b93606dc9c728193b30995bd248010a5125efa304b0a5ce9ee8b707884a30e66a8d4032523cd510582fac39b8cf8471f61b47692660524286443c34c9c94b54a0972c1c80e59d83e7611c96c6daaa9694a662d4a366425055d524f59567019b5d728d1db1b544bea2d2e55e4164904b8b3124e5af30d78e8b250c40c97b66599aa96481484313672ad1b46b78c6a831c1e136aa0a964a13bc5ad265b970d5096087f2559b12df1eda40348a8b9e2cc4f071c5b3827432e850a14688288a806be5ac4a28c5a990b3faaaf618021b3a584cb4816b3b70a89537ae1b1b9cb1c660f52547dd04a030039465ed5c650a97d5529944f5732a29524063fb59c65b4956535a339331a6cd2c4f5655873ab8da2d938d0a514805c07391003b7942cf636e5198a9d5cc9c02a9eaa425ecec161f37cfd911e4bd086da2606bd8f07168518b2b76c2b9654ad55422fc3300e4d0d17610f2651299814c9a182501940b061714b55d67e60eaf119d85424032c8080a15804900abac094f9a1ce63b6cc5aa46190b5a4853014900a4b2995653dacc0fbcb4592b14b960a2605382a28ba8d54ac1f35d9f43d8f1cefc398b0e7778752d29a885a9c12104025d4a29f388a40e3736d209d9788ae52d285a9c9a935153a73b0203106f90d49d205d96b410b082428a892429f353d374e598efb7253a7841522b49252e814d2526cfd6391a5ed958447cd5ecd072b14494a0b137bb8095d9ca4172e3918eefa3f210b9289a522beba6a662c1652dea8f3dc3cc44d4240092afdd77c811664a9bb23abc0a105002e6cf9560114cc5075117b7939b925b8c4c7258e5c854ea1525c9249726fccfc8874e1d31e59d25c7e270ea46ef13316998926e54962f71e55fb6338edcc78082a9d359695d26b5f5a92a4b8be841f08f52755243d9132844b7423c624f483164a07d26607a82cd6a371959e340ed4c5b5b1533b6a27df06e790953d57700d8e51614c7911da38dfd2a6789fbd0cada18dcfe9733f8befc67646b567b05f89f1877568b578c78d2b68e33f4c5f8afefc21b4b19fa5aff008fefc5d90d59ecc262fd23e308cc5fa47c63c706d2c6fe96bfe3fbf12facb1dfa52fc15f7e26c86acf604a95aa8f89884a9694a4253648c80b00e5fdb1e3a36d639ef895b05841ba8382d777b67123b6b197fed132d3423cb57925bd778bb1353d88a4431969e11e42bdb18bbd388983f2a101d64f5587bde25236a6354540e29696594b92b22c1dcb1786c5d59ebb40cb4881949e023c97eb4c77e94bfe2fbd0e9daf8ffd255fc5f7a26c8ba33d653292320218c94bbb024ea6fc4ebda7c63ca86d6c7fe927f8bef4588db18e76fa4f7d2a61e061b21ab3d48205ac2d975536ecb45bbd5fa463ca0ed9c7fe923ec9f8c493b6f1dae213f64fc61b21ab3d5778bf4cc437b31fca2cdcb38f30faf31dfa427ecc38dbb8ff00d213f661b21ab3d437cbf48fabe108ad57eb12f982c464d947977e3063ff003e9fb30c76fe3ff3e9fb3fd226c868cf5413d7e99f01f08c3e914cc42c50807aaca4ac5bac6c9eb066be97d328e1474931ff009f47d81f087fc69c78ff005c8fb09fbb19ca64a52eace87606dfdca405540b2953094060480cca00aa9b39b1e4203c37489695805342caee192841c8aab4a854c416b000393adf227e3e6cc256a58eb31526a53aca6c3c9008bdc0cacec206c56d13521686ad202540a52010cc5d41ca9c5bac0db33668f3ae7fe79e0919d8cbe922d229742d9fac115037d0a65b16cadc2147372fa41b458529453a3484b37264428e9dbcbe8e4e6256d04a1210b42927cd703300310c002f70edaf8993b195cb504a5cba4646c9203e42e0e4dd8398c6c2621295d0b07ac92f512a4976000d73f6468fd63861653e9665b5b2b474d2f26123412a4a5401b299c52f6b580d2ef902d649b59e1879a028ad62a214c4d5538728c8580a6ec5840abda9855104976cbaabb765a2c97b4b0ce485904e7fde5ecd71943b6fe951bdb03a3c0a2a205059da91c0a47940b5f4bfb23a43b389041586f3487b0d6c7b32bfaa39193d2709404a669090edd47cc926e52e738286de99e99ef424fb5313b49bafc9be0cfe9ae144b549482fd52e6f9df893eab413b217ff00f1bb3518c0d6c9e713a18c7e93e296b282b24f94ce026c4700044f018958fa3369f4803aa0d8ef1f317ce3b24a431793570b8293313804997499831016a428a54b28a8a4970c0823be27b5ba3b3a5c99b310a42932c025ed3002a60ed63d919382c62d030aa1e619f4ba410c4ac2b42f68eb317b456bc2e2904128dd54554293d6ad02976035559b48345e21c5c9c52c0fcad28b90ee6e4682d9c5cac4a3d207be37ba4f2259c0164a6b4cc592a60ec668d7be38ce90e0528dd30f292a27d51c71ff00afeb3a37a85e2b128141a49eb3382edd53a0cf310be9e8528d2852468092c3ed178e71290384456237aa33bb3a94e379ff00108471e38fb2396401c212db843443766ee231363492fd65839649b1b6af1392b4a9994bf34dd472367fdab1bf640091647fb23ef89e1812c03bd00373731b68ca66c1427452875c06a89b5af7f3b9c4a561428a856a0ca579ece00772f99f6da2b1b1b123394bb2c493d647f7c5991e5795717caf9c558ad9d39092a5a1694a57bb517490998d5505959b5ece39c632c5c378e4a91da88284052262dcac062b3910a3ee10ff0056cfa6adeadbb7ff00b403305d2e7ced7e11ba8c5252a67b10dc8fc0c73c9bc5704c9f20d86d8b8999642d6a5005443b3246ae577f08afeacc48ce6ab8e6f6fb51aa9c5dc14387414802cee4820f1cda37f616c795325cd5cd43d092cca50b804972923e44459b17d9e7f8fdf4aa5e628d40917e05a1f672a6cc584256a720f0d01273ec8d6e96e025204adda0a5d24a9d4a53f5800cea2d6ecce1744b0f2ce2a5a561d24aaab916a55a8bc75b71a66f239d8f89d16af53f7452bd9d8926f30927bc9ef7bc7a7e2b0db3509529680121afbc597b81e9f645d89e8f60420ad12edbb529242e61ca963e5738e6b273986d7278fe270f39092a335d9ad97282b01819931095d6bb8d1491a91c39417d244cbddaca12121d01980f38708d4e884c96b94842594b42495a5ae0159678e7d4ea358d5f4ebd3c53ca3f861a704b0fd75839021490dc7cdb86b431c02ff38bfe1f846baa5f58f698217260f3869634e77038651c409656a5028aaede936823d0b66e06523c94006d7bbf8bbc729b3e5b63c0ff00db93fc71da61d578f4f4f954f3753cc09a87eb7da57c61a2bae1475399e2425cc13821692142604a835924298dd36b17c8df9c4315b3e726a5142e904b920daecfd99371e71d86d09085cd2ab389d34904072f30a87612cddcd7731621492e9517a14f9bf36d464a6fff002383ca388b0e63647475734294b4a929a4d25c24bbb390524b0e0c1c6a35d9c1f44549624a49a43dd245609f27f54db3bdcdad6d618f034c88cc97ef66e5a6bce2dfacb208295682c5868f7bbd9fe31c9e593669408d8bb2654a4ad2ba140d8b84e9316736d451e1ca3b3fc5b93e808f399b892a4aab492951524392c5db316e272c9b48efb65edf98b5a90a97749eb6a402cc58682f1d71c978646cf3dfc2360932a7202430283ea52c7c231d1820a461dd613bc5e20b904b502c081c486fde8e97f0b63f2d27f615fcca8c1ea99584043f5b14e1c8bbb8b8ee8ebe1190ad85b369561e615254272318a0919a3772e727adda438ec8f4ce93e1928d9f382430a13fcc98f30e8acc066c84f04631ee4bbc99c72361a651ea7d2d20ece9a7ff004d243f6a60ca8f3cdbb3bf213d1c093ff711f3df18bd2d21a47ec2bfc3f18d2db66d8a4feaff00992e32ba60a1fd9dbd05bf8a238e0a7f59d7377f88e74988bc1788c094cb42cabcb72914a80201634a9a953121db2bbe501bc754e9cc77863081862600d249eaa3f63e3166056cb40e41fb88f8c0e93d44f24fb8c4e4ad9999d8313a337ab28507abcecd7ff18943d52a323a523f2188ff00891ffc1181f8c389214a6432b1489c4d0b6df0a183d7e47547573cef156336ccd9a95a17452a9fbe55285035d1475495964b68c4f389964a171c5d465cfb37ed0f7c12ac45f21e168131272b1f2869db1090b2a514b6679e64b473951acbcb0f4e256c960425cb3bb139163af08f49e881690a5339750ba5f30464e3c23812a5ad09974979753005cb380a71ab72ca37918ac6a1091864a68eb555043d56f4883ac162aa2f5707828fdc07fc234c35caa99e8d0523cb1a3968cde892ff00b6cbfdff00fc6a8a7a613671328cf6a8a34a5bcabf924f28aba26b51c6229b965b659eed675ec8ea91c7d1d674970ab5a128969ea124a80377b367a5b4e51bbd1dc54efa229139005085a11c68b313c4da31710ac6359096ed465e319f2f198f1d5a11456e5a87292454737ca39678a48d61933336e0fc94cb6a8fe7020dfc1f532c99aa0b21680964a16b24a566e294b3699bb88cfdbd56ed6ef920b68fbc1e307f4711fd9a5dd41c2ac14a03cb5680c7158dc23f6cf4d99d5f0d05a7ac5b89f6c1825e5d8229968ca3444b8c64b93a62cc29096da03fdd7fcc8e9d0abc73d2d3fe91ff00e2ff00991bc45e3d9d3ff28f2f53fd3275c34515428e872393d8d8598bc4a14a4032d4b3512541349248750f243eb1d7a3a3d855ae752ba4a4a427ae929aa84a89d1c5d8f64446cac3b304a07601ee880c261c3f513cd927e31e4ef63ed06cce938091495950a2b5256b26c82dd52a0e094b90e5baad9c0981d9895a2bea2524a825d641592a212798f274b88dafa261f4427b0248ef37882b0b87d6520f6b7c233dfc7e13639eda92552ca42825695ad21294aeb0fe89502543d5da63add84a12d552d46a5a5c24add99c5d8e6de0e6005c8925990001c091ecf7c57325c9cca136e47e305d7c53e10d8cdfc2acc0a561ca4bf56679c4ea986d865255b32e3c9da0087e3bdcc69a462f4c8241974802cbcbba2dd95256a3820124d5f4ba7cd0a6ac9626d68f4639d552f25bc1b7d18a08d90953107eb14a83e87781b93c761d3296a460b10cb052500328871d6164b720fdc63cf3a3f802b3b3812c95ab18c43b8a0addf2e1c7e11e858fe8ecb5495cb52966a19d41c1e203378bc69e4ef82a3cfb6be20a266215aa128566c5d33252b3d3b625d320a49b914842dd01296330314900860ce4abf65ad1b58ce8e4952d4b5952c9502412e34b33728863f671212190a22bf2ece160855d8e60abc639c74ec70727173549082eb12d24cb40423ab52d254c29d6a27b63a5d95228de29210e16e41454a52421d816b242b47cf99102cbe8e2ea356ed94ef6a939fa2468d1ba766a0002b06cba86e5372b0b075fd73f26319b3582be4e07a4338aa7ad4400e4d8580014a48b6960232898eef13b1c1595b851ff006296b80eeeee6dae502af64139a13ff4d23d82378e7c484cba7cda73b295d4eef71862b61c989238b0e307cfd9c695d02e2684333075243765d43c60b1b191d6054a2d8844af2734ae873dbd721b946b6463563a7154a0951ca7a16400340976b8e1972d20ac24cacac852d352c90c842b3093779818f2bf6c4711b1c10b0146918a4490e924f5822ef57eb64da670d87d80a2660054776b28f3c5c252af34e7d68c651a378da55b7a624a134d569807592125e95fa2b57083f63ec74cc5ad40014a926e54080c0966d5f8c684cd9d814a1295201218b999301a999ecb1ced016054946202a52699792cd64876b065124e918597111a78f35850d9eb93314b005dc24162d5bb9ef4bf6417815cd24d9c12a2d6cc81a77083d78d96a7ad2f964a01be3dfc34bc0721388ac9181de22f4bad0ca07c95329f4bc74595673cd64fcf273bd3f4b2e483e81d08f3f981ca333a30bfed28bb7526faa52cc6c74b767cf9ca411851229490d520853907cc0c32d603d8db0b1299a161017d558a42d00f5a5a90f7b79cfdd1b5924b931a3f48bb1b5cc40485034a9b353f5b27b5f977c67ce9788a0209b25401216cf5a921353b1604f7398ef5386500aff4523ac53feba5598bd9c5b85a05c7c9594281d989492a41a92b916a14851b149b1086636ba9ddcc65e48ab068f3d5ce2414b0cbac5f3eb259868748ea361acfd1a5b1d15fcea8c99fb22707fc8293979e8e20e99e51afb1767cc1290952e921faac9537589cde3193491d70c5d377037ce3668cbb232b072169f392afdd6ff14682f14ad100fef7f48e2f24df93b2c5a5e0c8923fd267fdd3fcd8dd98239e96b50c719ca414a3e8d4383575b781596793c684dc7a49b3f7823dd1eac3250f2e78bd996a8c34674cc4973d6f9f0851d3646230c54de2d105ceecf1f840ea1f36f67ba124f003d4fe023e39c4b97315a3c52b59d6ddff002226e48cfc4063f3c6234761efb78b41400c56e581d79c1386c5494079890a22ecaafd88627b2f0f40d40e3604fae2084f2f5f764e4474c7258bf054e03ed5da582c41457240a02a908958940eb33d4122f90ce2bc3ed6c2cb326949fc86f28ea628b6f5eb7073cce793c1853dddbadb84232c64072cbdef1e85d7fc37b7e036036c60a59c3d0e3e8fbdddf53145b7ae56fe966738d95f4f65906c0ffca9f0026586b9273b03fd22284806c4246bf222f7c6df8103a5d255a07ff6388f7031099d2e91a83ff47103da9882929cead6e737f188a5086b107e3cc8cef0effe0dc927a55863cbfe5623e10c3a5984cab4ff00d39df08ad6c1c5876393eb1684e34b83c2c3b1e1defc2f70799d2cc268b41ed44d1fe18a17d2dc2f14784c1ee826b464a1716b3986342ad4836b7943d4445ef2f83b865ab6c600bba875a626610173475d34b11d4fd516e5160dafb38bbac875a661eb4df2d34d27c8fd51e105cd908365213de1fda2208c2ca174cb4f7253ed687797c1dc2a3b7700c7f28f54d4ce3fdef968a693e4fea26dca0bc0f49f0882b299a90662eb5389c4955212f64dac91e110fa3ca20ba137cec3e5e1b70802c840ee111f553f45eeb418be99e17f3a839f9b374ed4c0cbe9560d5e52d0dd8b6f0288a69960e42efa7c1e20f2c3b8f50f844df1f85ef645bf8c18006ea963b50a1fe083d3d3dc3a475664b20641a669fbb194108364a41e56b444c96f311f3ed8d2eae3f08faac3719d36c34c6ad481d95fdd88613a638594aa82904f34ccfbb00291a509bfecfbe2a5a7f50f7004082ea2f84ee3f074a3f09320fa1e133e115e23f0898750634782fe11cc94e8deaf7fce508a1ecd7eccfd568d7717c2773f0327f49b0aa3e6f8ac7f862a3d22c335a8f15fdd814a09f37c008a548e5a701f0786ebe1aee30c1d24c38c8a3ed2edfc31727a4f23d3478abe11945232a7d4fee889923d16ee22157c1dc66b0e924b2a252a41d335e5e1115f4911fabfc47dd19690539123b098b138a526e093dacaf6c5d97c2f7184fd7e9fd5f057dd850c369abd047d93f18686d89add7d3792a1c4f1cca7d5ac32a6b9cdfb1cf676c0d58cafdfedbd898922686ba8019d88d3bb28f9f0f397a8805c9f1273cb2108a82ae01395dc803c4e515cb5a45ec7b883f0d72896f1859bbee5f2c9b9c580b2d9549ee7bdb588acf167f13ebce2b2a0d91d1b21dd9fcb44094a75bb9e0f6d6dae70016e19aa07bc1edca20a983561a664365eb8a5aec2d7772fdd789a2526c49adb2170da8b7aa34410539600f68bfb7e6f1257349bf00c5b2e1f2f08a924b3036be6036bddce1d1458ba7b83b35b8e5978c102225822e0b0b7363a97cc44974685ada00e3b620504bb2999dc06ede3784a0a1a837e25cfa99fb6140eb2f93679be712dd58b93d97cb2884a4806e790395c7f48242585d5ebf1d584540a0c839dc0b73e1c45fb5f48b112833df217a7daf63dd1154a72e16fc054e1b8dfba238853b82acb470de3a7af48b6022b5866ace4d95dfb3b8e714100861c2e03fb3837b22e325443b1b0c82833779882102ad4f787f572d22360820162efeacbdaf0eb41272245e094a6a7bdf40c1dadf08804280cd26fa5f3e3e222f20a9686b5f8dcb7be1ccc1a83a8e3df162a62b217b0624a58f81e70d2aab3a7c09f93dc2141489a3402deabf28bd4b4b5ec6cf6543a8b759bc6c4f0368ad73891487b64297e19387cfd912812988bb37ece9dfca2b54b19bf659316a028b58fb3bdb4d348895a8682fa10cfc098529054949b90fad8433a53916b6a1c1ef8701ec4006ec6a2d6bf608a988f398eb559c72f185058b5b86b11ddec302cc960e4e1fe74b08bd2fc8db4773c6df3a43577eb64fc8b69db1680552526cdd9efc842548e2c465f25de0a98f95afcadafce714a835c377161dd1ad803af0e9cf28a8cae03c20c4f6df9c394ea72eed34d62ac8006e95cff008be10a0d99301259872776f54285284ef09c800f9eb7cdfc214c4870e5ac0f176d5b4feb0a14706064a93a117bb94b9bf3f0892a628b9a8b02e74b10f90ee3f2d0a145641c2c119909bdee4f81b44d06f600e6ca6eb6ad99f78ce1a14102d464086d43019f68219df58b062123324d945f5e77b7b21428a0a69410e0abbbdcfde2268962c438b7237367e4c6142880a94862a205b4035b8cdf9fb2119ba0e5eb7ccf6130d0a00b53352c78679787b38434a09c9dcb5acd98710a14102489762f9db868de3fd22fdc848b8fd927ad67f542851a4403041364df225f50efec3162cd21ca897d34f0850a32ca491372ccdec0358eb9c25a9ae326bf325a1428d02b5cc205c1d7830e403c3a2625fac901c3e40db36f9e10a1447e41050650cdb806f513f3efb8dc061617776d5b4bc28511f8024ca6cadc9dc71b64d1012038b92780091aeae3e5a1428c81106fde6e065cefcbfa4247581b0391b58e7ce14281469b24a74b7ee923c604507be96c83700d0a146d10ace6ce72ef619dc767aa119a5cd4e73e07c3bfdf0a1469018525db96800623972115ac1173c2c78f73e9ce1428020567e4c2850a294fffd9);

-- --------------------------------------------------------

--
-- Estructura de tabla para la tabla `inmueble`
--

CREATE TABLE `inmueble` (
  `id` int(11) NOT NULL,
  `direccion` varchar(255) NOT NULL,
  `uso` enum('RESIDENCIAL','COMERCIAL') NOT NULL,
  `ambientes` int(11) NOT NULL,
  `coordenadas` varchar(100) DEFAULT NULL,
  `precio` decimal(12,2) NOT NULL,
  `estado` enum('DISPONIBLE','SUSPENDIDO','OCUPADO') DEFAULT 'DISPONIBLE',
  `id_propietario` int(11) NOT NULL,
  `id_tipo` int(11) NOT NULL,
  `descripcion` varchar(1000) NOT NULL
) ENGINE=InnoDB DEFAULT CHARSET=utf8mb4;

--
-- Volcado de datos para la tabla `inmueble`
--

INSERT INTO `inmueble` (`id`, `direccion`, `uso`, `ambientes`, `coordenadas`, `precio`, `estado`, `id_propietario`, `id_tipo`, `descripcion`) VALUES
(1, 'Mitre 456', 'RESIDENCIAL', 5, '-34.6037,-58.3816', '80000.00', 'DISPONIBLE', 1, 1, ''),
(2, 'San Martín 1200', 'COMERCIAL', 1, '-34.6158,-58.4333', '150000.00', 'DISPONIBLE', 2, 3, ''),
(3, 'calle falsa 777', 'RESIDENCIAL', 3, '222 ,222', '1000000.00', 'DISPONIBLE', 1, 1, ''),
(4, 'calle falsa 777', 'COMERCIAL', 2, '-34.6037,-58.3816', '10000.00', 'DISPONIBLE', 1, 3, ''),
(15, 'Av. Libertador 1500', 'RESIDENCIAL', 4, '-34.5901,-58.4070', '95000.00', 'DISPONIBLE', 2, 1, 'Departamento con balcón'),
(16, 'Calle Córdoba 1234', 'COMERCIAL', 2, '-34.6037,-58.3816', '120000.00', 'DISPONIBLE', 1, 3, 'Local comercial céntrico'),
(17, 'Av. Santa Fe 2100', 'RESIDENCIAL', 3, '-34.5842,-58.4191', '110000.00', 'OCUPADO', 1, 1, 'Departamento luminoso'),
(18, 'Calle Corrientes 350', 'COMERCIAL', 1, '-34.6083,-58.3705', '90000.00', 'SUSPENDIDO', 2, 3, 'Oficina pequeña'),
(19, 'Calle Mendoza 789', 'RESIDENCIAL', 5, '-34.6175,-58.4331', '200000.00', 'DISPONIBLE', 5, 1, 'Casa amplia con patio'),
(20, 'Av. Callao 150', 'RESIDENCIAL', 2, '-34.5995,-58.4108', '85000.00', 'DISPONIBLE', 1, 1, 'Departamento céntrico'),
(21, 'Calle San Juan 555', 'COMERCIAL', 3, '-34.6151,-58.3802', '175000.00', 'SUSPENDIDO', 2, 3, 'Local con depósito'),
(22, 'Av. Belgrano 222', 'RESIDENCIAL', 4, '-34.6123,-58.3765', '130000.00', 'DISPONIBLE', 5, 1, 'Departamento moderno'),
(23, 'Calle Lima 1010', 'COMERCIAL', 2, '-34.6012,-58.3874', '95000.00', 'DISPONIBLE', 1, 3, 'Oficina pequeña céntrica'),
(24, 'Calle Rivadavia 333', 'RESIDENCIAL', 3, '-34.6039,-58.3811', '100000.00', 'DISPONIBLE', 2, 1, 'Departamento clásico con balcón');

-- --------------------------------------------------------

--
-- Estructura de tabla para la tabla `inquilino`
--

CREATE TABLE `inquilino` (
  `id` int(11) NOT NULL,
  `dni` varchar(20) NOT NULL,
  `nombre_completo` varchar(150) NOT NULL,
  `telefono` varchar(50) DEFAULT NULL,
  `email` varchar(100) DEFAULT NULL,
  `direccion` varchar(255) DEFAULT NULL,
  `estado` tinyint(1) NOT NULL
) ENGINE=InnoDB DEFAULT CHARSET=utf8mb4;

--
-- Volcado de datos para la tabla `inquilino`
--

INSERT INTO `inquilino` (`id`, `dni`, `nombre_completo`, `telefono`, `email`, `direccion`, `estado`) VALUES
(1, '40111222', 'Carlos López', '1144455566', 'carlos.lopez@mail.com', 'Belgrano 550', 1),
(2, '45111222', 'Ana Martínez', '1177788899', 'ana.martinez@mail.com', 'Alsina 221', 1),
(4, '31222333', 'Marcos Perez', '2664332211', 'marcos@mail.com', 'calle falsa 777', 1),
(5, '12345678', 'Juan Pérez', '1123456789', 'juan.perez@email.com', 'Calle Falsa 123', 1),
(6, '87654321', 'María Gómez', '1198765432', 'maria.gomez@email.com', 'Av. Siempre Viva 456', 1),
(7, '23456789', 'Carlos Rodríguez', '1134567890', 'carlos.rodriguez@email.com', 'Calle Luna 789', 1),
(8, '34567890', 'Lucía Fernández', '1145678901', 'lucia.fernandez@email.com', 'Av. Sol 321', 1),
(9, '45678901', 'Martín López', '1156789012', 'martin.lopez@email.com', 'Calle Estrella 654', 1);

-- --------------------------------------------------------

--
-- Estructura de tabla para la tabla `pago`
--

CREATE TABLE `pago` (
  `id` int(11) NOT NULL,
  `id_contrato` int(11) NOT NULL,
  `numero_pago` int(11) NOT NULL,
  `fecha_pago` date NOT NULL,
  `detalle` varchar(255) DEFAULT NULL,
  `importe` decimal(12,2) NOT NULL,
  `estado` enum('ACTIVO','ANULADO') DEFAULT 'ACTIVO',
  `id_usuario_creador` int(11) NOT NULL,
  `id_usuario_anulador` int(11) DEFAULT NULL
) ENGINE=InnoDB DEFAULT CHARSET=utf8mb4;

-- --------------------------------------------------------

--
-- Estructura de tabla para la tabla `propietario`
--

CREATE TABLE `propietario` (
  `id` int(11) NOT NULL,
  `dni` varchar(20) NOT NULL,
  `apellido` varchar(100) NOT NULL,
  `nombre` varchar(100) NOT NULL,
  `telefono` varchar(50) DEFAULT NULL,
  `email` varchar(100) DEFAULT NULL,
  `direccion` varchar(255) DEFAULT NULL,
  `estado` tinyint(1) NOT NULL
) ENGINE=InnoDB DEFAULT CHARSET=utf8mb4;

--
-- Volcado de datos para la tabla `propietario`
--

INSERT INTO `propietario` (`id`, `dni`, `apellido`, `nombre`, `telefono`, `email`, `direccion`, `estado`) VALUES
(1, '20111222', 'Pérez', 'Juan', '1123456789', 'juan.perez@mail.com', 'Calle Falsa 124', 1),
(2, '30111222', 'González', 'María', '1198765432', 'maria.gonzalez@mail.com', 'Av. Siempre Viva 742', 1),
(5, '43423665', 'Gomez', 'Joaquin', '2664894029', 'joaquin@mail.com', 'calle falsa 333', 1),
(6, '41321577', 'Gomez', 'Priscila', '2664039877', 'priscila@mail.com', 'lic21', 1),
(7, '11111111', 'González', 'Joaquín', '1112345678', 'joaquin.gonzalez@email.com', 'Calle Verde 12', 1),
(8, '22222222', 'Ramírez', 'Ana', '1123456789', 'ana.ramirez@email.com', 'Av. Azul 34', 1),
(9, '33333333', 'Martínez', 'Diego', '1134567890', 'diego.martinez@email.com', 'Calle Roja 56', 0),
(10, '44444444', 'López', 'Sofía', '1145678901', 'sofia.lopez@email.com', 'Av. Amarilla 78', 1),
(11, '55555555', 'Fernández', 'Lucas', '1156789012', 'lucas.fernandez@email.com', 'Calle Blanca 90', 1);

-- --------------------------------------------------------

--
-- Estructura de tabla para la tabla `tipo_inmueble`
--

CREATE TABLE `tipo_inmueble` (
  `id` int(11) NOT NULL,
  `nombre` varchar(100) NOT NULL
) ENGINE=InnoDB DEFAULT CHARSET=utf8mb4;

--
-- Volcado de datos para la tabla `tipo_inmueble`
--

INSERT INTO `tipo_inmueble` (`id`, `nombre`) VALUES
(1, 'Casa'),
(2, 'Departamento'),
(3, 'Local'),
(4, 'Depósito');

-- --------------------------------------------------------

--
-- Estructura de tabla para la tabla `tipo_usuario`
--

CREATE TABLE `tipo_usuario` (
  `id_tipo_usuario` int(11) NOT NULL,
  `rol_usuario` varchar(100) NOT NULL
) ENGINE=InnoDB DEFAULT CHARSET=utf8mb4;

--
-- Volcado de datos para la tabla `tipo_usuario`
--

INSERT INTO `tipo_usuario` (`id_tipo_usuario`, `rol_usuario`) VALUES
(1, 'admin'),
(2, 'empleado');

-- --------------------------------------------------------

--
-- Estructura de tabla para la tabla `usuario`
--

CREATE TABLE `usuario` (
  `id` int(11) NOT NULL,
  `nombre_usuario` varchar(100) NOT NULL,
  `apellido_usuario` varchar(70) NOT NULL,
  `email` varchar(100) NOT NULL,
  `password` varchar(255) NOT NULL,
  `id_tipo_usuario` int(11) NOT NULL,
  `activo` tinyint(1) DEFAULT 1,
  `foto` varchar(255) DEFAULT NULL
) ENGINE=InnoDB DEFAULT CHARSET=utf8mb4;

--
-- Volcado de datos para la tabla `usuario`
--

INSERT INTO `usuario` (`id`, `nombre_usuario`, `apellido_usuario`, `email`, `password`, `id_tipo_usuario`, `activo`, `foto`) VALUES
(13, 'Juan', 'Pérez', 'admin@inmobiliaria.com', 'AQAAAAIAAYagAAAAEFRubINOArw1fGK4H5Hc5+IYmDfJxArvBez3j7mNIdtof3dpbkVEa4fkKIRTt5GUNw==', 1, 1, NULL),
(14, 'Joaquin', 'Gomez', 'joaquin@mail.com', 'AQAAAAIAAYagAAAAEMZp1dEyUcVr0ApUuOgv2+1B3h6CDLmnqF3o/2VwN8tJfzLXMd6R+PTvbpf3OK07Cw==', 2, 1, NULL),
(16, 'Pablo', 'Alcaraz', 'pablo@mail.com', 'AQAAAAIAAYagAAAAELVsDhfN4VMTiWLcEhpPl8mXFbFcfFfvxGYmA7m89CRikQr82PihyJ37AXa2lArIqA==', 2, 1, NULL);

--
-- Índices para tablas volcadas
--

--
-- Indices de la tabla `contrato`
--
ALTER TABLE `contrato`
  ADD PRIMARY KEY (`id`),
  ADD KEY `id_inquilino` (`id_inquilino`),
  ADD KEY `id_inmueble` (`id_inmueble`),
  ADD KEY `id_usuario_creador` (`id_usuario_creador`),
  ADD KEY `id_usuario_finalizador` (`id_usuario_finalizador`);

--
-- Indices de la tabla `foto_inmueble`
--
ALTER TABLE `foto_inmueble`
  ADD PRIMARY KEY (`id_foto`),
  ADD KEY `id_inmueble` (`id_inmueble`);

--
-- Indices de la tabla `inmueble`
--
ALTER TABLE `inmueble`
  ADD PRIMARY KEY (`id`),
  ADD KEY `id_propietario` (`id_propietario`),
  ADD KEY `id_tipo` (`id_tipo`);

--
-- Indices de la tabla `inquilino`
--
ALTER TABLE `inquilino`
  ADD PRIMARY KEY (`id`),
  ADD UNIQUE KEY `dni` (`dni`);

--
-- Indices de la tabla `pago`
--
ALTER TABLE `pago`
  ADD PRIMARY KEY (`id`),
  ADD KEY `id_contrato` (`id_contrato`),
  ADD KEY `id_usuario_creador` (`id_usuario_creador`),
  ADD KEY `id_usuario_anulador` (`id_usuario_anulador`);

--
-- Indices de la tabla `propietario`
--
ALTER TABLE `propietario`
  ADD PRIMARY KEY (`id`),
  ADD UNIQUE KEY `dni` (`dni`),
  ADD UNIQUE KEY `telefono` (`telefono`,`email`);

--
-- Indices de la tabla `tipo_inmueble`
--
ALTER TABLE `tipo_inmueble`
  ADD PRIMARY KEY (`id`);

--
-- Indices de la tabla `tipo_usuario`
--
ALTER TABLE `tipo_usuario`
  ADD PRIMARY KEY (`id_tipo_usuario`);

--
-- Indices de la tabla `usuario`
--
ALTER TABLE `usuario`
  ADD PRIMARY KEY (`id`),
  ADD UNIQUE KEY `email` (`email`),
  ADD KEY `tipo_usuario` (`id_tipo_usuario`);

--
-- AUTO_INCREMENT de las tablas volcadas
--

--
-- AUTO_INCREMENT de la tabla `contrato`
--
ALTER TABLE `contrato`
  MODIFY `id` int(11) NOT NULL AUTO_INCREMENT, AUTO_INCREMENT=2;

--
-- AUTO_INCREMENT de la tabla `foto_inmueble`
--
ALTER TABLE `foto_inmueble`
  MODIFY `id_foto` int(11) NOT NULL AUTO_INCREMENT, AUTO_INCREMENT=5;

--
-- AUTO_INCREMENT de la tabla `inmueble`
--
ALTER TABLE `inmueble`
  MODIFY `id` int(11) NOT NULL AUTO_INCREMENT, AUTO_INCREMENT=25;

--
-- AUTO_INCREMENT de la tabla `inquilino`
--
ALTER TABLE `inquilino`
  MODIFY `id` int(11) NOT NULL AUTO_INCREMENT, AUTO_INCREMENT=10;

--
-- AUTO_INCREMENT de la tabla `pago`
--
ALTER TABLE `pago`
  MODIFY `id` int(11) NOT NULL AUTO_INCREMENT;

--
-- AUTO_INCREMENT de la tabla `propietario`
--
ALTER TABLE `propietario`
  MODIFY `id` int(11) NOT NULL AUTO_INCREMENT, AUTO_INCREMENT=12;

--
-- AUTO_INCREMENT de la tabla `tipo_inmueble`
--
ALTER TABLE `tipo_inmueble`
  MODIFY `id` int(11) NOT NULL AUTO_INCREMENT, AUTO_INCREMENT=5;

--
-- AUTO_INCREMENT de la tabla `tipo_usuario`
--
ALTER TABLE `tipo_usuario`
  MODIFY `id_tipo_usuario` int(11) NOT NULL AUTO_INCREMENT, AUTO_INCREMENT=3;

--
-- AUTO_INCREMENT de la tabla `usuario`
--
ALTER TABLE `usuario`
  MODIFY `id` int(11) NOT NULL AUTO_INCREMENT, AUTO_INCREMENT=17;

--
-- Restricciones para tablas volcadas
--

--
-- Filtros para la tabla `contrato`
--
ALTER TABLE `contrato`
  ADD CONSTRAINT `contrato_ibfk_1` FOREIGN KEY (`id_inquilino`) REFERENCES `inquilino` (`id`),
  ADD CONSTRAINT `contrato_ibfk_2` FOREIGN KEY (`id_inmueble`) REFERENCES `inmueble` (`id`),
  ADD CONSTRAINT `contrato_ibfk_3` FOREIGN KEY (`id_usuario_creador`) REFERENCES `usuario` (`id`),
  ADD CONSTRAINT `contrato_ibfk_4` FOREIGN KEY (`id_usuario_finalizador`) REFERENCES `usuario` (`id`);

--
-- Filtros para la tabla `foto_inmueble`
--
ALTER TABLE `foto_inmueble`
  ADD CONSTRAINT `foto_inmueble_ibfk_1` FOREIGN KEY (`id_inmueble`) REFERENCES `inmueble` (`id`);

--
-- Filtros para la tabla `inmueble`
--
ALTER TABLE `inmueble`
  ADD CONSTRAINT `inmueble_ibfk_1` FOREIGN KEY (`id_propietario`) REFERENCES `propietario` (`id`),
  ADD CONSTRAINT `inmueble_ibfk_2` FOREIGN KEY (`id_tipo`) REFERENCES `tipo_inmueble` (`id`);

--
-- Filtros para la tabla `pago`
--
ALTER TABLE `pago`
  ADD CONSTRAINT `pago_ibfk_1` FOREIGN KEY (`id_contrato`) REFERENCES `contrato` (`id`),
  ADD CONSTRAINT `pago_ibfk_2` FOREIGN KEY (`id_usuario_creador`) REFERENCES `usuario` (`id`),
  ADD CONSTRAINT `pago_ibfk_3` FOREIGN KEY (`id_usuario_anulador`) REFERENCES `usuario` (`id`);

--
-- Filtros para la tabla `usuario`
--
ALTER TABLE `usuario`
  ADD CONSTRAINT `tipo_usuario` FOREIGN KEY (`id_tipo_usuario`) REFERENCES `tipo_usuario` (`id_tipo_usuario`);
COMMIT;

/*!40101 SET CHARACTER_SET_CLIENT=@OLD_CHARACTER_SET_CLIENT */;
/*!40101 SET CHARACTER_SET_RESULTS=@OLD_CHARACTER_SET_RESULTS */;
/*!40101 SET COLLATION_CONNECTION=@OLD_COLLATION_CONNECTION */;
